{"cameraMode":{"drawMode":0,"name":"Shaded","section":"Shading Mode"},"sceneLighting":false,"audioPlay":false,"sceneViewState":{"m_AlwaysRefresh":false,"showFog":true,"showSkybox":false,"showFlares":true,"showImageEffects":true,"showParticleSystems":true,"showVisualEffectGraphs":true,"m_FxEnabled":true},"in2DMode":false,"pivot":{"x":0.07055507600307465,"y":-0.09677557647228241,"z":0.46138471364974978},"rotation":{"x":-0.1549704670906067,"y":-0.07077373564243317,"z":0.011127278208732605,"w":-0.98532634973526},"size":0.17481215298175813,"orthographic":true}