{"cameraMode":{"drawMode":0,"name":"Shaded","section":"Shading Mode"},"sceneLighting":false,"audioPlay":false,"sceneViewState":{"m_AlwaysRefresh":false,"showFog":true,"showSkybox":false,"showFlares":true,"showImageEffects":true,"showParticleSystems":true,"showVisualEffectGraphs":true,"m_FxEnabled":true},"in2DMode":false,"pivot":{"x":0.15616504848003388,"y":5.036290168762207,"z":3.5544326305389406},"rotation":{"x":0.07414115220308304,"y":-0.6581965088844299,"z":0.06536433100700379,"w":0.7463516592979431},"size":0.4669792354106903,"orthographic":true}