{"cameraMode":{"drawMode":0,"name":"Shaded","section":"Shading Mode"},"sceneLighting":false,"audioPlay":false,"sceneViewState":{"m_AlwaysRefresh":false,"showFog":true,"showSkybox":false,"showFlares":true,"showImageEffects":true,"showParticleSystems":true,"showVisualEffectGraphs":true,"m_FxEnabled":true},"in2DMode":false,"pivot":{"x":-1.9588414430618287,"y":-0.8079086542129517,"z":-0.6157097220420837},"rotation":{"x":-0.011592118069529534,"y":0.9765556454658508,"z":-0.2081439048051834,"w":-0.05424878001213074},"size":2.6195626258850099,"orthographic":false}