{"cameraMode":{"drawMode":0,"name":"Shaded","section":"Shading Mode"},"sceneLighting":true,"audioPlay":false,"sceneViewState":{"m_AlwaysRefresh":false,"showFog":true,"showSkybox":true,"showFlares":true,"showImageEffects":true,"showParticleSystems":true,"showVisualEffectGraphs":true,"m_FxEnabled":true},"in2DMode":false,"pivot":{"x":10.937073707580567,"y":5.6771674156188969,"z":-2.485623359680176},"rotation":{"x":0.1301892101764679,"y":-0.8698079586029053,"z":0.3348672389984131,"w":0.33816343545913699},"size":11.809272766113282,"orthographic":false}