{"cameraMode":{"drawMode":0,"name":"Shaded","section":"Shading Mode"},"sceneLighting":false,"audioPlay":false,"sceneViewState":{"m_AlwaysRefresh":false,"showFog":true,"showSkybox":false,"showFlares":true,"showImageEffects":true,"showParticleSystems":true,"showVisualEffectGraphs":true,"m_FxEnabled":true},"in2DMode":false,"pivot":{"x":-26.529151916503908,"y":0.12518800795078278,"z":-25.345443725585939},"rotation":{"x":0.13545051217079163,"y":0.020804837346076967,"z":-0.0028448281809687616,"w":0.9905629754066467},"size":69.37770080566406,"orthographic":true}